episode,step,potato_index,angle,x,y,reward,tower_height,contacts,dx,dy,potatoes_used
1,1,1,240.0,400.00,500.00,72.14,26.07,1,0.00,0.00,1
1,3,4,270.0,377.07,473.93,42.43,26.12,1,83.31,-15.75,2
1,5,3,210.0,290.94,458.12,74.75,26.04,2,46.32,-40.34,3
2,1,4,120.0,400.00,500.00,90.81,35.40,1,0.00,0.00,1
2,3,3,120.0,413.13,464.60,84.83,35.43,2,71.10,-9.04,2
2,4,1,120.0,346.55,455.53,102.43,36.37,2,58.68,-55.33,3
2,5,2,60.0,407.52,400.74,36.63,33.14,1,241.20,57.07,4
3,1,3,120.0,400.00,500.00,73.33,26.67,1,0.00,0.00,1
3,2,1,150.0,423.48,473.33,63.08,26.66,1,0.42,-50.81,2
3,3,2,60.0,424.23,422.53,21.20,26.71,1,217.26,43.88,3
3,5,0,90.0,204.08,467.34,71.53,26.71,1,54.75,4.73,4
4,1,3,180.0,400.00,500.00,66.77,22.20,1,0.00,0.00,1
4,2,2,90.0,392.36,477.80,50.49,22.13,1,11.93,-56.95,2
4,3,4,330.0,381.96,420.92,61.17,22.12,1,3.84,-61.53,3
4,4,0,210.0,378.56,360.08,37.78,22.15,1,171.35,11.22,4
5,1,3,270.0,400.00,500.00,125.81,47.91,1,0.00,0.00,1
5,2,0,120.0,400.01,452.09,45.51,27.37,1,75.59,20.56,2
5,4,2,180.0,326.58,472.63,79.65,27.38,2,26.93,-48.60,3
5,5,1,120.0,353.91,424.02,61.69,27.38,1,80.29,35.04,4
6,1,1,330.0,400.00,500.00,68.68,24.34,1,0.00,0.00,1
6,2,0,150.0,418.05,475.66,60.08,24.36,1,2.39,-40.80,2
6,3,4,300.0,420.39,434.85,74.82,24.36,2,57.95,-11.56,3
6,4,2,120.0,285.22,456.69,65.60,24.36,1,5.20,-60.42,4
7,1,3,300.0,400.00,500.00,60.89,25.44,1,0.00,0.00,1
7,2,1,60.0,306.97,474.56,47.64,25.45,1,2.42,-63.93,2
7,3,2,330.0,308.55,410.62,58.67,25.61,1,1.01,-61.75,3
8,1,0,0.0,400.00,500.00,80.71,26.57,1,0.00,0.00,1
8,2,3,210.0,402.43,473.43,71.90,26.57,2,34.57,-21.60,2
8,3,2,300.0,367.50,451.83,38.69,26.57,1,159.53,12.74,3
9,1,4,30.0,400.00,500.00,95.37,37.68,1,0.00,0.00,1
9,3,3,300.0,381.16,462.32,86.13,37.69,2,88.17,-8.06,2
9,4,1,60.0,459.22,454.25,84.84,37.68,1,2.19,-50.47,3
10,1,0,180.0,400.00,500.00,71.14,23.87,1,0.00,0.00,1
10,2,3,60.0,393.40,476.13,63.27,23.89,1,10.02,-57.11,2
10,3,2,150.0,398.91,419.00,44.08,23.90,1,102.60,15.94,3
10,5,1,240.0,541.61,467.94,82.76,23.90,2,28.76,-46.38,4
11,1,1,300.0,400.00,500.00,59.13,24.57,1,0.00,0.00,1
11,3,4,0.0,435.06,475.43,48.37,24.58,1,0.47,-53.51,2
11,4,2,330.0,434.73,421.91,26.56,24.59,1,165.95,47.20,3
11,5,3,240.0,603.10,469.00,80.32,24.58,2,69.27,-24.97,4
12,1,0,0.0,400.00,500.00,80.71,26.57,1,0.00,0.00,1
12,2,1,300.0,402.43,473.43,40.82,26.58,1,111.54,-0.20,2
12,4,4,150.0,514.76,473.21,52.72,26.58,1,1.89,-50.34,3
13,1,3,240.0,400.00,500.00,53.08,21.54,1,0.00,0.00,1
13,2,4,90.0,356.95,478.46,36.09,21.65,1,16.51,-69.59,2
13,3,2,0.0,344.11,408.76,30.61,21.69,1,107.92,55.87,3
13,5,0,180.0,444.65,467.53,89.40,21.69,2,25.02,-44.87,4
14,1,4,120.0,400.00,500.00,90.81,35.40,1,0.00,0.00,1
14,2,3,30.0,413.13,464.60,74.32,35.40,1,8.55,-73.78,2
14,3,1,150.0,417.26,390.82,73.01,25.07,2,63.16,22.50,3
14,4,0,90.0,618.21,474.93,88.76,25.09,2,53.99,-3.13,4
15,1,1,90.0,400.00,500.00,63.17,26.59,1,0.00,0.00,1
15,2,2,150.0,448.41,473.41,63.63,27.72,1,16.02,-43.03,2
15,3,4,210.0,426.40,429.25,38.89,27.79,1,166.28,17.20,3
16,1,0,240.0,400.00,500.00,75.72,24.70,1,0.00,0.00,1
16,2,2,270.0,403.67,475.30,74.60,24.70,1,0.58,-53.27,2
16,5,1,90.0,404.02,422.03,44.89,24.59,1,118.31,53.08,3
17,1,0,150.0,400.00,500.00,74.38,23.79,1,0.00,0.00,1
17,3,3,120.0,403.20,476.21,27.62,23.83,1,142.73,-7.49,2
17,4,2,270.0,547.77,468.67,56.77,23.83,1,6.15,-48.31,3
18,1,4,30.0,400.00,500.00,95.37,37.68,1,0.00,0.00,1
18,2,2,300.0,381.16,462.32,81.17,37.71,1,9.60,-61.61,2
18,5,1,90.0,385.97,400.68,96.48,34.81,2,27.41,-38.30,3
19,1,4,330.0,400.00,500.00,93.93,36.96,1,0.00,0.00,1
19,2,1,150.0,421.41,463.04,39.03,25.07,1,93.65,11.91,2
19,3,3,180.0,518.22,474.93,80.52,25.07,2,10.55,-37.60,3
19,4,0,0.0,507.69,437.33,83.30,25.07,2,52.01,-32.24,4
19,5,2,60.0,455.37,405.49,50.89,25.10,2,37.68,-33.82,5
20,1,0,120.0,400.00,500.00,77.85,24.81,1,0.00,0.00,1
20,4,3,330.0,398.22,475.19,77.01,24.82,1,1.58,-55.73,2
20,5,2,300.0,398.83,419.45,76.44,24.84,2,49.99,16.26,3
21,1,0,150.0,400.00,500.00,74.38,23.79,1,0.00,0.00,1
21,2,4,30.0,403.20,476.21,37.34,23.84,1,85.84,-15.88,2
21,3,2,240.0,484.68,460.28,80.28,23.92,2,57.47,-30.28,3
21,5,1,150.0,426.95,430.06,65.79,23.86,1,7.86,-51.75,4
22,1,1,300.0,400.00,500.00,59.13,24.57,1,0.00,0.00,1
22,2,3,330.0,435.06,475.43,34.61,24.59,1,119.30,-3.48,2
22,4,0,150.0,554.89,471.93,59.31,24.59,1,2.07,-47.22,3
23,1,4,270.0,400.00,500.00,93.69,36.84,1,0.00,0.00,1
23,2,3,270.0,381.13,463.16,101.94,38.27,2,61.44,-11.55,2
23,5,1,210.0,424.31,450.18,48.85,25.19,1,86.69,21.00,3
24,1,3,300.0,400.00,500.00,60.89,25.44,1,0.00,0.00,1
24,2,4,0.0,306.97,474.56,46.82,25.61,1,10.60,-61.42,2
24,4,0,330.0,297.20,412.96,57.69,25.63,1,7.45,-60.38,3
24,5,2,210.0,281.75,354.94,71.00,25.62,1,1.15,-50.04,4
25,1,0,210.0,400.00,500.00,70.05,25.03,1,0.00,0.00,1
25,2,1,330.0,417.04,474.97,40.18,25.08,1,98.08,-1.81,2
25,3,3,270.0,515.60,473.11,57.56,25.08,1,0.62,-62.37,3
26,1,2,180.0,400.00,500.00,86.31,31.56,1,0.00,0.00,1
26,2,4,240.0,406.82,468.44,77.39,31.56,2,60.37,-18.25,2
26,3,1,240.0,346.89,450.19,34.53,26.23,1,165.82,23.86,3
27,1,1,90.0,400.00,500.00,63.17,26.59,1,0.00,0.00,1
27,2,0,150.0,448.41,473.41,54.89,27.37,1,12.93,-36.33,2
27,4,2,300.0,466.65,436.30,27.45,27.36,1,205.52,30.79,3
27,5,4,240.0,266.63,469.00,72.74,27.36,1,0.32,-59.54,4
28,1,0,90.0,400.00,500.00,69.79,24.89,1,0.00,0.00,1
28,2,4,300.0,425.27,475.11,38.36,24.89,1,89.98,-17.06,2
28,3,3,30.0,339.63,458.05,48.04,24.89,1,101.89,-6.79,3
28,5,2,210.0,237.28,451.23,64.71,24.89,1,2.57,-72.74,4
29,1,2,90.0,400.00,500.00,92.87,31.73,1,0.00,0.00,1
29,2,3,60.0,399.42,468.27,81.67,33.08,2,54.19,-18.25,2
29,3,0,270.0,289.96,448.67,72.94,33.23,1,4.76,-62.80,3
29,4,1,0.0,286.16,385.88,87.24,33.25,1,0.28,-45.96,4
30,1,2,330.0,400.00,500.00,85.36,32.68,1,0.00,0.00,1
30,2,1,0.0,428.22,467.32,64.89,32.66,1,6.27,-45.82,2
30,5,3,120.0,434.05,421.52,47.43,31.31,1,129.16,46.75,3
31,1,4,90.0,400.00,500.00,82.48,36.24,1,0.00,0.00,1
31,3,0,210.0,434.05,463.76,26.00,25.01,1,158.96,11.20,2
31,4,1,90.0,276.67,474.99,57.77,24.59,1,56.56,0.43,3
32,1,4,210.0,400.00,500.00,91.83,35.92,1,0.00,0.00,1
32,2,3,0.0,415.97,464.08,44.78,30.06,1,120.84,5.86,2
32,4,0,120.0,535.95,469.94,69.68,30.16,1,8.90,-44.32,3
33,1,1,90.0,400.00,500.00,63.17,26.59,1,0.00,0.00,1
33,2,0,270.0,448.41,473.41,64.95,27.82,1,17.12,-36.32,2
33,4,2,150.0,425.24,435.86,51.07,26.09,1,97.50,-8.05,3
34,1,1,90.0,400.00,500.00,63.17,26.59,1,0.00,0.00,1
34,2,2,120.0,448.41,473.41,45.96,26.61,1,79.80,-6.52,2
34,3,4,330.0,527.83,466.87,61.33,26.61,1,0.98,-58.49,3
35,1,0,150.0,400.00,500.00,74.38,23.79,1,0.00,0.00,1
35,2,1,180.0,403.20,476.21,69.06,25.31,2,45.42,-12.34,2
35,3,2,270.0,343.39,462.35,32.44,25.33,1,184.78,6.28,3
36,1,1,330.0,400.00,500.00,68.68,24.34,1,0.00,0.00,1
36,2,4,180.0,418.05,475.66,31.39,24.34,1,116.72,-19.73,2
36,5,0,180.0,300.87,455.93,58.33,24.34,1,0.67,-51.11,3
37,1,4,330.0,400.00,500.00,93.93,36.96,1,0.00,0.00,1
37,2,0,90.0,421.41,463.04,19.37,24.83,1,189.34,12.14,2
37,3,2,300.0,607.57,475.17,57.03,24.87,1,8.87,-54.70,3
37,4,3,0.0,614.09,420.43,25.26,25.42,3,61.70,16.25,4
38,1,3,270.0,400.00,500.00,125.81,47.91,1,0.00,0.00,1
38,4,2,150.0,400.01,452.09,63.54,34.11,1,59.51,13.86,2
38,5,0,60.0,343.69,465.89,94.83,34.11,2,23.15,-43.80,3
39,1,0,30.0,400.00,500.00,73.39,26.69,1,0.00,0.00,1
39,3,2,150.0,390.00,473.31,51.89,26.70,1,51.14,-6.43,2
39,4,1,180.0,440.62,466.87,63.27,26.70,1,3.24,-47.43,3
39,5,4,210.0,443.84,419.42,90.79,26.70,2,60.33,-2.76,4
40,1,2,300.0,400.00,500.00,82.03,31.01,1,0.00,0.00,1
40,2,4,210.0,380.70,468.99,53.22,31.02,1,81.92,-12.21,2
40,5,0,240.0,462.37,456.77,70.64,31.02,1,5.34,-51.70,3
41,1,1,150.0,400.00,500.00,72.23,26.11,1,0.00,0.00,1
41,2,3,210.0,415.09,473.89,89.49,34.61,2,40.05,-8.64,2
41,3,0,270.0,351.75,456.75,41.60,26.06,1,136.84,15.78,3
41,4,2,270.0,487.21,473.94,86.17,26.04,2,37.11,-42.50,4
42,1,1,150.0,400.00,500.00,72.23,26.11,1,0.00,0.00,1
42,2,0,30.0,415.09,473.89,41.95,26.53,1,104.53,-1.04,2
42,3,2,180.0,314.25,472.43,80.05,26.41,2,44.24,-19.62,3
42,5,3,150.0,357.13,452.78,73.14,26.43,1,2.20,-46.37,4
43,1,2,180.0,400.00,500.00,86.31,31.56,1,0.00,0.00,1
43,2,3,150.0,406.82,468.44,85.16,31.57,1,1.19,-47.68,2
43,3,4,270.0,408.21,420.75,80.41,31.57,2,74.81,38.84,3
43,4,1,120.0,335.30,459.49,54.66,24.85,1,109.52,15.67,4
44,1,4,300.0,400.00,500.00,86.05,38.02,1,0.00,0.00,1
44,2,1,30.0,446.96,461.98,73.79,38.03,1,4.61,-56.70,2
44,3,2,210.0,449.28,405.27,84.89,38.04,1,7.36,-48.59,3
44,4,0,60.0,442.16,356.72,94.69,38.05,1,5.15,-51.90,4
44,5,3,180.0,435.91,305.40,57.94,28.73,2,65.03,-7.53,5
45,1,3,210.0,400.00,500.00,62.39,21.20,1,0.00,0.00,1
45,2,0,60.0,377.85,478.80,49.64,21.23,1,7.76,-56.34,2
45,4,1,240.0,370.78,422.43,30.14,21.23,1,110.00,51.63,3
45,5,4,210.0,258.30,474.94,15.23,21.25,3,43.44,-42.87,4
46,1,2,300.0,400.00,500.00,82.03,31.01,1,0.00,0.00,1
46,2,0,60.0,380.70,468.99,71.47,31.02,1,0.74,-52.07,2
46,5,1,120.0,381.44,416.92,81.41,31.02,1,0.56,-52.59,3
47,1,3,0.0,400.00,500.00,89.16,30.14,1,0.00,0.00,1
47,4,0,300.0,398.88,469.86,28.83,25.24,1,153.34,4.88,2
48,1,0,120.0,400.00,500.00,77.85,24.81,1,0.00,0.00,1
48,2,1,30.0,398.22,475.19,32.54,24.84,1,125.46,-10.25,2
48,3,3,300.0,273.06,464.92,36.69,24.84,1,163.32,1.60,3
49,1,2,90.0,400.00,500.00,92.87,31.73,1,0.00,0.00,1
49,4,4,0.0,399.42,468.27,90.57,31.73,1,0.54,-59.78,2
49,5,3,210.0,399.17,408.48,111.77,31.73,1,4.63,-53.85,3
50,1,2,90.0,400.00,500.00,92.87,31.73,1,0.00,0.00,1
50,2,0,120.0,399.42,468.27,90.49,31.75,1,2.34,-47.74,2
50,4,3,300.0,397.01,420.51,79.98,31.75,2,84.51,33.06,3
50,5,4,150.0,474.46,453.75,65.74,31.73,1,136.63,-2.00,4
51,1,0,120.0,400.00,500.00,77.85,24.81,1,0.00,0.00,1
51,2,4,270.0,398.22,475.19,40.80,24.17,1,72.12,-15.57,2
51,4,2,270.0,481.52,460.26,54.98,24.17,1,4.22,-62.54,3
51,5,3,90.0,484.15,397.71,18.27,24.81,1,235.98,70.74,4
52,1,3,180.0,400.00,500.00,66.77,22.20,1,0.00,0.00,1
52,2,1,0.0,392.36,477.80,53.03,22.13,1,4.97,-51.14,2
52,3,4,240.0,387.62,426.74,28.00,22.13,1,150.57,30.75,3
53,1,4,300.0,400.00,500.00,86.05,38.02,1,0.00,0.00,1
53,4,0,300.0,446.96,461.98,30.16,25.22,1,138.53,12.82,2
53,5,3,270.0,582.02,474.78,56.27,25.22,1,1.71,-69.15,3
54,1,0,210.0,400.00,500.00,70.05,25.03,1,0.00,0.00,1
54,3,4,330.0,417.04,474.97,30.83,25.03,1,128.54,-17.59,2
54,5,3,30.0,293.49,457.38,51.86,25.03,1,84.76,-6.27,3
55,1,3,60.0,400.00,500.00,66.52,28.26,1,0.00,0.00,1
55,2,4,30.0,362.11,471.74,53.97,28.25,1,3.13,-59.52,2
55,4,2,270.0,362.49,412.23,56.55,28.27,1,90.41,9.50,3
56,1,3,210.0,400.00,500.00,62.39,21.20,1,0.00,0.00,1
56,2,4,330.0,377.85,478.80,47.66,21.20,1,8.74,-64.95,2
56,4,2,30.0,373.46,413.86,33.41,21.21,1,135.19,9.85,3
57,1,0,30.0,400.00,500.00,73.39,26.69,1,0.00,0.00,1
57,2,1,180.0,390.00,473.31,43.55,25.20,1,82.70,1.52,2
57,3,4,60.0,472.49,474.80,73.39,25.20,2,65.60,-19.45,3
58,1,4,0.0,400.00,500.00,103.67,36.84,1,0.00,0.00,1
58,2,2,60.0,400.01,463.16,97.71,36.84,1,5.50,-64.15,2
58,3,1,0.0,402.05,399.01,57.82,27.63,1,82.30,4.88,3
58,4,3,150.0,552.97,472.37,76.16,26.94,1,0.13,-38.48,4
59,1,1,270.0,400.00,500.00,62.64,26.32,1,0.00,0.00,1
59,2,3,0.0,359.55,473.68,53.61,26.31,1,0.01,-45.07,2
59,4,2,0.0,359.52,428.62,79.99,26.84,2,49.80,18.67,3
59,5,4,300.0,479.44,466.20,87.34,26.32,2,5.34,-71.17,4
60,1,4,300.0,400.00,500.00,86.05,38.02,1,0.00,0.00,1
60,2,0,90.0,446.96,461.98,50.40,31.15,1,102.56,6.88,2
60,3,2,150.0,546.77,468.85,72.23,31.16,1,3.61,-46.84,3
60,4,1,0.0,550.31,422.00,82.47,31.17,1,0.55,-48.81,4
61,1,3,150.0,400.00,500.00,73.29,24.13,1,0.00,0.00,1
61,2,2,270.0,404.97,475.87,71.28,24.15,1,9.48,-54.75,2
61,3,0,210.0,395.83,421.10,55.57,24.15,1,65.21,48.50,3
61,5,4,60.0,328.93,470.22,94.45,24.16,2,8.77,-60.56,4
62,1,0,0.0,400.00,500.00,80.71,26.57,1,0.00,0.00,1
62,3,3,30.0,402.43,473.43,80.71,26.58,1,0.45,-51.29,2
63,1,2,120.0,400.00,500.00,82.82,31.41,1,0.00,0.00,1
63,2,0,120.0,411.07,468.59,43.90,27.37,1,100.16,4.07,2
63,3,4,270.0,311.99,472.63,59.95,27.38,1,59.49,-14.50,3
63,4,3,180.0,251.06,458.12,71.54,27.38,1,5.10,-60.97,4
63,5,1,90.0,253.68,397.16,61.78,27.39,2,84.67,5.28,5
64,1,0,0.0,400.00,500.00,80.71,26.57,1,0.00,0.00,1
64,2,3,240.0,402.43,473.43,72.97,26.57,1,8.47,-56.77,2
64,3,1,270.0,407.13,416.66,27.30,24.83,1,222.55,39.22,3
64,5,4,30.0,628.31,475.17,78.99,24.83,2,133.28,-20.06,4
65,1,1,300.0,400.00,500.00,59.13,24.57,1,0.00,0.00,1
65,2,2,60.0,435.06,475.43,44.03,24.57,1,67.00,-8.54,2
66,1,1,330.0,400.00,500.00,68.68,24.34,1,0.00,0.00,1
66,2,2,270.0,418.05,475.66,58.44,24.36,1,9.19,-48.08,2
66,3,4,240.0,408.83,427.55,71.98,24.34,2,55.60,27.92,3
66,4,3,0.0,346.45,457.76,43.24,24.34,1,166.88,10.34,4
67,1,3,60.0,400.00,500.00,66.52,28.26,1,0.00,0.00,1
67,2,4,30.0,362.11,471.74,53.97,28.25,1,3.13,-59.52,2
67,4,0,180.0,362.49,412.23,80.79,28.29,2,54.78,24.14,3
68,1,1,180.0,400.00,500.00,79.15,25.93,1,0.00,0.00,1
68,2,3,120.0,402.71,474.07,68.86,27.16,2,56.74,-20.51,2
68,3,4,210.0,453.51,452.33,53.08,25.98,1,92.31,2.06,3
69,1,2,0.0,400.00,500.00,88.32,32.70,1,0.00,0.00,1
69,2,3,150.0,392.91,467.30,53.69,32.10,1,78.86,-23.67,2
69,3,1,90.0,492.19,444.24,68.87,32.10,1,6.46,-70.13,3
70,1,4,60.0,400.00,500.00,85.48,37.74,1,0.00,0.00,1
70,2,1,120.0,459.06,462.26,49.38,24.85,1,88.66,12.95,2
70,3,3,150.0,374.51,475.15,70.87,24.86,1,3.56,-40.68,3
70,4,2,150.0,378.10,434.46,47.92,24.86,1,126.54,32.40,4
70,5,0,240.0,251.02,466.87,94.52,24.86,1,4.87,-46.09,5
71,1,2,180.0,400.00,500.00,86.31,31.56,1,0.00,0.00,1
71,4,4,60.0,406.82,468.44,71.42,31.59,1,2.81,-66.61,2
71,5,3,180.0,407.88,401.80,79.81,31.70,1,11.46,-56.49,3
72,1,2,90.0,400.00,500.00,92.87,31.73,1,0.00,0.00,1
72,2,1,300.0,399.42,468.27,90.53,31.70,1,0.36,-60.20,2
72,4,3,210.0,399.25,408.10,90.12,31.72,2,49.09,-17.48,3
73,1,0,120.0,400.00,500.00,77.85,24.81,1,0.00,0.00,1
73,2,2,330.0,398.22,475.19,70.34,24.88,1,5.91,-55.20,2
73,3,3,210.0,392.80,419.92,71.01,24.85,2,78.41,-15.03,3
73,4,4,150.0,255.41,453.95,69.56,24.85,1,3.83,-46.89,4
73,5,1,30.0,251.40,407.27,44.15,24.23,1,238.94,57.62,5
74,1,1,90.0,400.00,500.00,63.17,26.59,1,0.00,0.00,1
74,2,4,180.0,448.41,473.41,33.33,26.60,1,131.93,-17.48,2
74,3,0,240.0,316.20,455.92,62.01,26.58,1,5.25,-50.47,3
75,1,3,270.0,400.00,500.00,125.81,47.91,1,0.00,0.00,1
75,2,0,150.0,400.01,452.09,119.93,47.91,1,4.34,-64.02,2
75,3,1,90.0,397.77,388.07,85.10,27.56,2,40.22,-9.84,3
75,4,4,0.0,271.74,462.60,77.90,26.92,2,83.39,-46.32,4
76,1,2,60.0,400.00,500.00,84.42,32.21,1,0.00,0.00,1
76,2,4,30.0,413.31,467.79,76.88,32.25,1,7.37,-60.02,2
76,3,3,240.0,404.14,407.74,64.29,32.65,1,88.04,17.01,3
76,5,0,330.0,209.91,461.90,86.50,32.65,1,2.34,-41.63,4
77,1,4,30.0,400.00,500.00,95.37,37.68,1,0.00,0.00,1
77,2,1,300.0,381.16,462.32,15.45,24.57,1,205.33,13.13,2
77,3,2,0.0,581.21,475.43,56.36,24.58,1,16.95,-47.08,3
77,5,3,60.0,564.63,428.33,19.99,24.57,3,78.44,-17.25,4
78,1,4,0.0,400.00,500.00,103.67,36.84,1,0.00,0.00,1
78,2,0,300.0,400.01,463.16,30.67,25.26,1,137.61,11.58,2
78,3,1,0.0,534.54,474.74,60.71,25.24,1,3.63,-45.22,3
78,4,3,0.0,538.00,429.54,70.69,25.26,1,2.08,-47.11,4
79,1,3,270.0,400.00,500.00,125.81,47.91,1,0.00,0.00,1
79,2,2,240.0,400.01,452.09,50.38,34.62,1,130.94,13.35,2
79,3,0,270.0,277.18,465.38,78.98,34.64,1,2.04,-49.41,3
80,1,2,180.0,400.00,500.00,86.31,31.56,1,0.00,0.00,1
80,2,4,300.0,406.82,468.44,74.40,31.57,1,6.94,-70.59,2
80,3,1,90.0,403.22,397.84,70.70,24.59,2,74.48,17.87,3
80,5,3,90.0,247.03,475.41,66.59,24.63,1,1.18,-62.18,4
81,1,1,270.0,400.00,500.00,62.64,26.32,1,0.00,0.00,1
81,2,3,90.0,359.55,473.68,77.77,26.86,2,61.25,-18.50,2
81,5,2,150.0,426.75,454.64,37.00,26.86,1,169.59,14.06,3
82,1,3,270.0,400.00,500.00,125.81,47.91,1,0.00,0.00,1
82,2,2,270.0,400.01,452.09,50.22,34.24,1,127.59,13.69,2
82,5,0,240.0,275.50,465.76,88.45,30.00,2,53.88,3.83,3
83,1,4,270.0,400.00,500.00,93.69,36.84,1,0.00,0.00,1
83,4,1,90.0,381.13,463.16,33.06,24.59,1,118.26,12.31,2
83,5,0,300.0,270.20,475.41,59.60,24.59,1,2.92,-45.03,3
84,1,4,120.0,400.00,500.00,90.81,35.40,1,0.00,0.00,1
84,3,1,300.0,413.13,464.60,74.84,35.41,1,30.73,-49.21,2
84,5,2,180.0,388.51,415.37,49.50,32.85,1,132.31,48.63,3
85,1,4,240.0,400.00,500.00,101.68,35.87,1,0.00,0.00,1
85,3,1,90.0,400.05,464.13,33.69,24.59,1,116.11,11.32,2
85,4,3,240.0,292.53,475.41,75.82,24.62,2,44.93,-22.13,3
86,1,4,90.0,400.00,500.00,82.48,36.24,1,0.00,0.00,1
86,4,2,210.0,434.05,463.76,65.44,36.26,1,9.65,-75.72,2
86,5,1,270.0,439.76,388.02,80.02,36.22,1,1.69,-60.42,3
87,1,2,0.0,400.00,500.00,88.32,32.70,1,0.00,0.00,1
87,3,0,180.0,392.91,467.30,89.47,32.71,1,1.85,-50.45,2
87,4,4,90.0,394.51,416.84,99.21,32.73,1,2.72,-63.15,3
87,5,1,240.0,396.91,357.08,53.28,25.06,1,121.78,12.38,4
88,1,0,30.0,400.00,500.00,73.39,26.69,1,0.00,0.00,1
88,2,1,270.0,390.00,473.31,71.28,26.71,2,58.18,-2.57,2
88,3,3,150.0,445.81,470.71,64.32,26.72,1,5.35,-40.22,3
88,4,4,120.0,451.32,430.99,67.50,25.53,1,7.79,-59.97,4
88,5,2,300.0,444.03,373.68,3.30,24.84,1,503.90,2.99,5
89,1,1,150.0,400.00,500.00,72.23,26.11,1,0.00,0.00,1
89,2,2,210.0,415.09,473.89,72.77,27.28,1,18.55,-43.07,2
89,3,4,150.0,390.53,429.65,41.90,27.32,1,138.79,24.90,3
90,1,0,0.0,400.00,500.00,80.71,26.57,1,0.00,0.00,1
90,2,3,330.0,402.43,473.43,40.32,26.57,1,112.68,-1.42,2
90,3,2,180.0,517.32,472.01,61.61,26.57,1,2.58,-55.07,3
90,4,4,0.0,515.94,416.94,107.69,26.95,2,63.33,-20.03,4
91,1,2,150.0,400.00,500.00,88.37,30.92,1,0.00,0.00,1
91,2,0,90.0,396.53,469.08,84.65,30.94,1,3.41,-52.37,2
91,3,1,60.0,393.93,416.69,56.03,24.36,1,62.80,0.60,3
91,5,4,300.0,193.17,475.64,65.30,24.40,1,2.58,-64.91,4
92,1,4,0.0,400.00,500.00,103.67,36.84,1,0.00,0.00,1
92,2,2,210.0,400.01,463.16,96.38,36.84,1,6.46,-63.71,2
92,3,0,270.0,403.26,399.45,122.10,36.87,1,5.28,-48.45,3
93,1,4,270.0,400.00,500.00,93.69,36.84,1,0.00,0.00,1
93,2,1,270.0,381.13,463.16,34.97,24.87,1,111.91,11.95,2
94,1,2,90.0,400.00,500.00,92.87,31.73,1,0.00,0.00,1
94,4,4,180.0,399.42,468.27,87.17,31.72,1,3.30,-58.51,2
94,5,1,300.0,396.10,409.77,73.39,27.06,2,71.59,32.04,3
95,1,2,150.0,400.00,500.00,88.37,30.92,1,0.00,0.00,1
95,2,0,30.0,396.53,469.08,38.13,26.34,1,118.12,4.59,2
95,3,1,300.0,281.07,473.66,59.75,26.37,1,8.03,-56.88,3
95,4,4,300.0,273.65,416.75,64.03,26.37,1,81.56,-11.96,4
96,1,3,0.0,400.00,500.00,89.16,30.14,1,0.00,0.00,1
96,3,0,90.0,398.88,469.86,49.45,27.87,1,79.17,2.25,2
96,4,4,330.0,477.03,472.13,81.49,27.87,2,15.70,-55.55,3
97,1,3,270.0,400.00,500.00,125.81,47.91,1,0.00,0.00,1
97,2,2,120.0,400.01,452.09,62.35,33.55,1,59.35,14.37,2
97,4,4,30.0,347.36,466.45,73.01,33.58,1,10.46,-60.25,3
97,5,1,330.0,353.27,406.17,84.74,33.65,1,4.16,-58.69,4
98,1,1,30.0,400.00,500.00,68.44,24.22,1,0.00,0.00,1
98,2,4,0.0,388.80,475.78,57.60,24.24,1,0.49,-53.87,2
98,3,3,180.0,388.46,421.89,66.94,24.22,1,2.41,-55.14,3
98,4,0,150.0,389.59,366.81,96.51,24.22,1,2.94,-50.19,4
99,1,3,120.0,400.00,500.00,73.33,26.67,1,0.00,0.00,1
99,2,2,120.0,423.48,473.33,61.99,26.66,1,2.46,-54.21,2
99,4,4,330.0,422.21,419.13,50.85,26.68,1,101.68,-10.89,3
100,1,4,300.0,400.00,500.00,86.05,38.02,1,0.00,0.00,1
100,2,1,270.0,446.96,461.98,70.47,38.02,1,8.93,-68.94,2
100,3,2,300.0,451.45,393.03,19.90,26.89,1,262.60,-6.80,3
100,5,0,240.0,348.23,466.30,102.56,26.89,2,30.52,-36.79,4
101,1,3,30.0,400.00,500.00,77.15,28.57,1,0.00,0.00,1
101,2,2,330.0,383.64,471.43,33.51,28.60,1,166.05,-2.40,2
101,4,1,120.0,547.58,469.00,65.52,28.60,1,0.28,-58.12,3
102,1,2,240.0,400.00,500.00,83.56,31.78,1,0.00,0.00,1
102,2,3,210.0,414.31,468.22,51.54,31.78,1,104.11,-6.00,2
102,5,4,180.0,309.92,462.22,73.69,31.78,1,1.35,-47.98,3
103,1,4,120.0,400.00,500.00,90.81,35.40,1,0.00,0.00,1
103,4,1,60.0,413.13,464.60,38.47,24.36,1,89.60,11.62,2
103,5,0,300.0,341.41,475.64,57.71,24.36,1,9.61,-45.43,3
104,1,2,180.0,400.00,500.00,86.31,31.56,1,0.00,0.00,1
104,2,4,180.0,406.82,468.44,49.71,31.58,1,104.80,-12.49,2
105,1,4,240.0,400.00,500.00,101.68,35.87,1,0.00,0.00,1
105,2,0,210.0,400.05,464.13,47.78,29.76,1,102.53,6.18,2
105,3,3,180.0,501.62,470.24,70.78,29.80,1,5.29,-38.78,3
105,4,1,330.0,506.27,431.43,93.65,29.82,2,70.27,9.71,4
106,1,0,120.0,400.00,500.00,77.85,24.81,1,0.00,0.00,1
106,3,2,0.0,398.22,475.19,29.24,24.83,1,143.73,-8.43,2
107,1,1,300.0,400.00,500.00,59.13,24.57,1,0.00,0.00,1
107,2,4,240.0,435.06,475.43,48.41,24.58,1,1.23,-52.52,2
107,3,3,300.0,433.76,422.91,28.83,24.57,1,186.25,15.28,3
107,5,0,300.0,531.47,464.95,54.79,24.57,1,113.40,8.30,4
108,1,3,90.0,400.00,500.00,68.14,29.07,1,0.00,0.00,1
108,2,2,150.0,446.60,470.93,50.65,29.14,1,83.12,-5.02,2
108,3,1,180.0,364.48,465.84,102.83,29.07,2,26.80,-40.28,3
108,5,0,150.0,401.90,424.73,76.74,29.12,1,49.02,-8.43,4
109,1,3,210.0,400.00,500.00,62.39,21.20,1,0.00,0.00,1
109,2,0,60.0,377.85,478.80,49.64,21.23,1,7.76,-56.34,2
109,4,1,330.0,370.78,422.43,19.81,21.24,1,211.98,-1.31,3
110,1,0,180.0,400.00,500.00,71.14,23.87,1,0.00,0.00,1
110,2,3,150.0,393.40,476.13,57.23,23.90,1,6.30,-46.59,2
110,4,1,180.0,387.78,429.50,47.15,25.20,1,98.50,17.75,3
110,5,4,60.0,239.88,474.80,82.71,25.22,2,33.58,-55.04,4
111,1,3,90.0,400.00,500.00,68.14,29.07,1,0.00,0.00,1
111,2,1,180.0,446.60,470.93,57.15,29.15,1,10.18,-45.53,2
111,4,2,0.0,436.15,425.33,85.11,29.09,2,64.71,0.59,3
111,5,0,60.0,314.69,466.80,77.59,29.09,1,1.91,-51.03,4
112,1,3,0.0,400.00,500.00,89.16,30.14,1,0.00,0.00,1
112,2,0,300.0,398.88,469.86,28.83,25.24,1,153.34,4.88,2
112,3,4,60.0,550.60,474.76,74.71,25.25,2,62.97,-15.93,3
112,4,1,330.0,495.50,458.83,69.36,25.22,1,0.24,-55.19,4
113,1,3,90.0,400.00,500.00,68.14,29.07,1,0.00,0.00,1
113,2,1,210.0,446.60,470.93,40.58,25.23,1,95.55,3.84,2
113,4,4,300.0,350.78,474.77,57.26,25.27,1,2.34,-64.05,3
114,1,3,300.0,400.00,500.00,60.89,25.44,1,0.00,0.00,1
114,2,2,270.0,306.97,474.56,48.27,25.44,1,6.61,-56.46,2
114,3,4,90.0,301.36,418.09,75.96,25.62,2,70.63,5.75,3
114,4,1,270.0,166.48,458.82,66.62,25.54,1,7.76,-64.56,4
115,1,4,300.0,400.00,500.00,86.05,38.02,1,0.00,0.00,1
115,2,3,330.0,446.96,461.98,38.04,28.00,1,129.76,10.04,2
115,3,0,30.0,324.28,472.00,52.01,26.48,1,103.23,1.57,3
116,1,4,120.0,400.00,500.00,90.81,35.40,1,0.00,0.00,1
116,3,0,270.0,413.13,464.60,38.20,28.42,1,136.22,6.99,2
116,5,1,90.0,279.43,471.58,85.37,28.43,2,54.22,-3.28,3
117,1,0,300.0,400.00,500.00,84.27,28.24,1,0.00,0.00,1
117,2,3,150.0,402.21,471.76,66.32,28.25,1,9.31,-41.60,2
117,5,1,270.0,411.50,430.15,84.50,28.25,1,4.72,-61.09,3
118,1,1,150.0,400.00,500.00,72.23,26.11,1,0.00,0.00,1
118,2,0,0.0,415.09,473.89,53.26,26.90,1,12.97,-39.72,2
118,3,2,330.0,433.53,433.38,40.98,26.86,1,129.12,34.58,3
118,4,4,240.0,564.85,468.97,71.76,26.86,1,0.29,-59.53,4
119,1,4,300.0,400.00,500.00,86.05,38.02,1,0.00,0.00,1
119,2,0,330.0,446.96,461.98,72.88,38.02,1,5.07,-60.77,2
119,4,3,30.0,449.51,401.21,31.62,27.09,1,208.76,-3.99,3
119,5,1,330.0,320.62,468.92,72.79,27.09,1,10.54,-46.34,4
120,1,4,180.0,400.00,500.00,96.13,35.63,1,0.00,0.00,1
120,2,0,30.0,394.87,464.37,28.67,26.35,1,159.73,10.40,2
120,3,2,210.0,224.50,473.65,60.74,26.38,1,54.20,-5.85,3
120,4,3,210.0,169.62,467.77,91.11,26.38,2,44.78,-13.45,4
121,1,0,120.0,400.00,500.00,77.85,24.81,1,0.00,0.00,1
121,2,1,60.0,398.22,475.19,39.51,24.13,1,90.90,-2.91,2
121,4,4,210.0,503.10,472.96,44.23,24.13,1,103.78,-16.42,3
122,1,4,300.0,400.00,500.00,86.05,38.02,1,0.00,0.00,1
122,2,0,240.0,446.96,461.98,73.90,38.05,1,3.64,-57.38,2
122,5,1,150.0,451.04,404.57,27.98,26.26,1,153.65,69.08,3
123,1,1,270.0,400.00,500.00,62.64,26.32,1,0.00,0.00,1
123,2,4,120.0,359.55,473.68,56.11,26.29,1,68.18,-14.18,2
124,1,2,60.0,400.00,500.00,84.42,32.21,1,0.00,0.00,1
124,4,0,90.0,413.31,467.79,44.06,28.04,1,105.91,4.20,2
124,5,4,30.0,518.74,471.96,53.79,28.12,1,99.11,-13.14,3
125,1,0,210.0,400.00,500.00,70.05,25.03,1,0.00,0.00,1
125,2,2,30.0,417.04,474.97,59.30,25.03,1,0.56,-53.24,2
125,3,4,120.0,417.36,421.73,72.47,25.01,2,53.25,34.54,3
125,5,1,300.0,472.74,456.24,83.21,25.03,2,41.17,-43.11,4
126,1,0,150.0,400.00,500.00,74.38,23.79,1,0.00,0.00,1
126,2,3,270.0,403.20,476.21,63.10,23.92,2,69.15,-4.54,2
126,3,1,330.0,335.45,471.54,56.57,23.81,1,0.31,-54.92,3
126,4,2,30.0,336.11,419.02,26.45,23.82,1,208.86,47.14,4
126,5,4,0.0,127.06,467.47,39.67,23.85,2,100.27,-14.88,5
127,1,1,0.0,400.00,500.00,76.48,24.21,1,0.00,0.00,1
127,2,2,330.0,401.95,475.79,28.63,24.22,1,142.23,-6.79,2
127,4,3,90.0,544.47,468.99,54.00,24.22,1,2.90,-69.25,3
128,1,1,300.0,400.00,500.00,59.13,24.57,1,0.00,0.00,1
128,2,4,210.0,435.06,475.43,48.11,24.57,1,2.20,-53.01,2
128,3,0,300.0,437.84,422.42,72.43,24.58,2,57.63,25.96,3
128,5,3,180.0,550.90,472.15,87.89,24.60,2,38.11,-18.44,4
129,1,3,30.0,400.00,500.00,77.15,28.57,1,0.00,0.00,1
129,2,2,30.0,383.64,471.43,65.58,28.61,1,5.14,-53.06,2
129,3,4,300.0,388.42,418.33,94.82,35.26,2,62.18,16.38,3
130,1,3,150.0,400.00,500.00,73.29,24.13,1,0.00,0.00,1
130,2,0,120.0,404.97,475.87,72.60,24.14,1,9.28,-48.10,2
130,3,2,330.0,395.80,427.76,47.84,24.14,1,112.99,39.24,3
131,1,3,330.0,400.00,500.00,84.95,32.48,1,0.00,0.00,1
131,3,1,60.0,416.24,467.52,71.14,33.40,1,37.99,-40.27,2
131,5,4,180.0,374.97,426.34,74.57,27.50,2,80.43,-21.71,3
132,1,3,150.0,400.00,500.00,73.29,24.13,1,0.00,0.00,1
132,2,2,60.0,404.97,475.87,73.15,24.12,1,4.20,-57.20,2
132,3,0,60.0,402.82,418.68,74.05,24.20,2,55.54,16.20,3
133,1,0,180.0,400.00,500.00,71.14,23.87,1,0.00,0.00,1
133,2,3,240.0,393.40,476.13,59.60,23.89,1,14.75,-58.34,2
133,4,4,0.0,403.56,417.77,56.02,28.93,1,107.24,1.95,3
134,1,0,300.0,400.00,500.00,84.27,28.24,1,0.00,0.00,1
134,2,4,330.0,402.21,471.76,79.77,28.24,1,9.20,-56.34,2
134,3,3,210.0,396.39,415.42,51.19,25.26,1,92.55,4.13,3
135,1,2,270.0,400.00,500.00,92.56,31.28,1,0.00,0.00,1
135,2,1,240.0,400.01,468.72,38.52,25.06,1,101.78,6.23,2
135,4,4,120.0,298.20,474.94,73.09,25.07,2,43.11,-42.15,3
136,1,1,30.0,400.00,500.00,68.44,24.22,1,0.00,0.00,1
136,2,0,120.0,388.80,475.78,59.62,24.23,1,2.51,-41.76,2
136,3,2,180.0,386.31,434.01,40.43,24.23,1,108.62,31.50,3
136,5,3,150.0,272.12,465.46,85.31,24.23,2,26.28,-39.42,4
137,1,2,300.0,400.00,500.00,82.03,31.01,1,0.00,0.00,1
137,2,0,60.0,380.70,468.99,71.47,31.02,1,0.74,-52.07,2
137,3,1,240.0,381.44,416.92,82.13,31.04,2,52.75,46.96,3
137,4,3,330.0,329.51,463.86,60.46,28.00,1,120.50,7.19,4
137,5,4,0.0,207.71,472.00,97.65,28.01,1,7.43,-59.36,5
138,1,0,120.0,400.00,500.00,77.85,24.81,1,0.00,0.00,1
138,2,1,0.0,398.22,475.19,73.96,24.82,1,3.91,-46.52,2
138,3,4,120.0,394.42,428.66,88.77,24.83,1,2.55,-54.23,3
139,1,0,270.0,400.00,500.00,72.25,24.72,1,0.00,0.00,1
139,2,1,90.0,392.81,475.28,67.19,24.73,2,52.92,-8.38,2
139,3,4,30.0,446.66,466.90,57.74,24.72,1,1.95,-56.60,3
139,5,2,300.0,448.65,412.63,47.87,24.75,1,110.42,47.75,4
140,1,3,120.0,400.00,500.00,73.33,26.67,1,0.00,0.00,1
140,2,1,0.0,423.48,473.33,63.28,26.68,1,4.16,-46.24,2
140,4,2,330.0,419.62,427.07,72.34,26.68,1,3.49,-51.63,3
140,5,4,0.0,414.90,375.81,93.41,26.68,1,1.65,-59.61,4
141,1,1,180.0,400.00,500.00,79.15,25.93,1,0.00,0.00,1
141,2,2,0.0,402.71,474.07,61.54,27.29,1,21.04,-44.16,2
141,3,4,150.0,375.21,428.55,34.15,27.87,1,195.34,-12.67,3
141,4,0,270.0,508.90,456.05,71.69,26.00,1,0.10,-51.44,4
142,1,1,330.0,400.00,500.00,68.68,24.34,1,0.00,0.00,1
142,2,2,240.0,418.05,475.66,29.82,24.35,1,137.64,-6.72,2
142,3,0,60.0,555.58,468.93,54.56,24.34,1,67.44,3.16,3
142,5,4,30.0,489.25,472.06,84.02,24.35,2,20.10,-53.25,4
143,1,4,180.0,400.00,500.00,96.13,35.63,1,0.00,0.00,1
143,2,3,120.0,394.87,464.37,97.57,35.60,1,1.07,-62.28,2
143,3,0,270.0,399.03,402.12,31.52,24.72,1,167.11,72.53,3
143,5,1,180.0,229.72,475.28,72.58,24.73,1,84.00,-0.47,4
144,1,3,90.0,400.00,500.00,68.14,29.07,1,0.00,0.00,1
144,2,2,300.0,446.60,470.93,32.13,29.13,1,176.06,-4.60,2
144,3,4,0.0,272.90,466.27,89.61,29.12,2,78.11,-15.03,3
144,5,0,300.0,372.06,451.83,101.02,29.07,2,57.61,-27.92,4
145,1,0,120.0,400.00,500.00,77.85,24.81,1,0.00,0.00,1
145,2,2,180.0,398.22,475.19,73.18,24.83,1,3.89,-54.14,2
145,4,1,90.0,395.12,421.03,53.57,24.59,1,69.89,8.13,3
146,1,1,30.0,400.00,500.00,68.44,24.22,1,0.00,0.00,1
146,2,2,0.0,388.80,475.78,55.59,24.23,1,16.66,-47.70,2
146,3,3,300.0,372.42,428.07,72.27,24.23,2,72.13,8.85,3
146,5,4,300.0,228.04,474.51,61.98,24.23,1,9.40,-73.03,4
147,1,4,210.0,400.00,500.00,91.83,35.92,1,0.00,0.00,1
147,3,3,60.0,415.97,464.08,44.39,30.69,1,129.69,5.26,2
148,1,4,60.0,400.00,500.00,85.48,37.74,1,0.00,0.00,1
148,4,0,120.0,459.06,462.26,23.26,24.81,1,168.88,12.93,2
149,1,0,180.0,400.00,500.00,71.14,23.87,1,0.00,0.00,1
149,2,2,180.0,393.40,476.13,41.57,23.88,1,72.18,-8.77,2
149,3,3,210.0,322.71,467.36,44.09,23.88,1,113.17,-5.17,3
149,5,4,210.0,209.13,462.19,83.71,23.88,2,39.46,-30.77,4
150,1,1,330.0,400.00,500.00,68.68,24.34,1,0.00,0.00,1
150,2,3,60.0,418.05,475.66,27.32,24.34,1,150.44,-6.34,2
150,3,0,120.0,265.89,469.32,58.41,24.34,1,9.08,-42.30,3
150,4,4,270.0,256.87,427.01,77.68,24.36,2,99.13,6.05,4
151,1,0,240.0,400.00,500.00,75.72,24.70,1,0.00,0.00,1
151,2,4,60.0,403.67,475.30,43.47,24.70,1,65.08,-14.60,2
151,3,2,90.0,346.82,460.70,56.30,24.70,1,3.61,-61.92,3
151,4,1,120.0,348.64,398.78,62.55,24.66,2,119.29,64.59,4
152,1,4,30.0,400.00,500.00,95.37,37.68,1,0.00,0.00,1
152,3,1,90.0,381.16,462.32,35.09,24.62,1,107.71,13.07,2
153,1,2,30.0,400.00,500.00,93.09,31.61,1,0.00,0.00,1
153,2,3,150.0,399.86,468.39,86.09,31.63,1,6.44,-46.75,2
153,3,0,270.0,406.52,421.62,108.55,31.64,1,12.13,-47.67,3
153,5,4,300.0,397.24,374.58,62.76,28.42,1,106.12,-14.28,4
154,1,3,330.0,400.00,500.00,84.95,32.48,1,0.00,0.00,1
154,3,4,90.0,416.24,467.52,77.06,32.55,2,80.10,-10.09,2
154,4,0,60.0,498.47,457.36,87.82,32.50,2,53.63,-32.26,3
154,5,1,0.0,444.51,425.45,105.46,33.24,2,18.07,-37.04,4
155,1,0,330.0,400.00,500.00,78.29,28.28,1,0.00,0.00,1
155,2,2,30.0,391.73,471.72,82.98,28.32,1,5.88,-49.83,2
155,4,1,60.0,397.49,421.85,104.57,28.32,1,0.31,-52.19,3
155,5,4,270.0,398.43,370.44,84.11,26.93,2,74.45,-24.28,4
156,1,2,330.0,400.00,500.00,85.36,32.68,1,0.00,0.00,1
156,2,3,150.0,428.22,467.32,64.76,32.69,1,7.65,-45.52,2
156,4,1,120.0,435.96,421.79,72.81,32.69,1,4.48,-58.33,3
157,1,1,90.0,400.00,500.00,63.17,26.59,1,0.00,0.00,1
157,2,0,210.0,448.41,473.41,54.24,26.60,1,1.03,-43.71,2
157,3,4,60.0,447.28,429.69,50.90,27.36,1,94.37,24.77,3
158,1,3,150.0,400.00,500.00,73.29,24.13,1,0.00,0.00,1
158,2,0,330.0,404.97,475.87,43.79,24.15,1,69.59,-2.97,2
158,3,4,0.0,336.83,472.89,35.08,24.15,1,152.53,-13.57,3
159,1,4,0.0,400.00,500.00,103.67,36.84,1,0.00,0.00,1
159,2,0,240.0,400.01,463.16,99.46,36.87,1,2.06,-58.12,2
159,3,3,270.0,402.24,405.00,92.22,35.75,2,89.01,57.41,3
160,1,3,240.0,400.00,500.00,53.08,21.54,1,0.00,0.00,1
160,2,0,90.0,356.95,478.46,41.84,21.54,1,1.92,-54.29,2
160,3,2,210.0,356.09,424.17,18.34,21.62,1,180.63,43.88,3
160,4,4,270.0,532.07,468.88,76.97,21.62,2,63.35,-18.06,4
161,1,4,120.0,400.00,500.00,90.81,35.40,1,0.00,0.00,1
161,3,2,30.0,413.13,464.60,32.07,32.54,1,212.12,2.86,2
162,1,1,150.0,400.00,500.00,72.23,26.11,1,0.00,0.00,1
162,2,4,300.0,415.09,473.89,16.48,26.08,1,214.64,-13.74,2
162,3,0,120.0,629.87,460.18,44.63,26.08,1,128.04,9.60,3
162,5,3,60.0,763.08,471.10,70.97,26.08,1,3.13,-52.81,4
163,1,0,120.0,400.00,500.00,77.85,24.81,1,0.00,0.00,1
163,2,1,0.0,398.22,475.19,73.96,24.82,1,3.91,-46.52,2
163,5,4,150.0,394.42,428.66,72.30,24.84,2,73.99,-12.87,3
164,1,2,240.0,400.00,500.00,83.56,31.78,1,0.00,0.00,1
164,2,4,90.0,414.31,468.22,69.98,31.79,1,1.77,-66.17,2
164,4,0,60.0,413.55,402.05,35.39,27.23,1,124.58,70.81,3
165,1,0,60.0,400.00,500.00,86.66,28.39,1,0.00,0.00,1
165,2,1,240.0,400.11,471.61,73.13,27.24,2,45.86,-10.86,2
165,3,2,60.0,328.87,461.90,61.28,27.25,1,5.84,-60.22,3
165,5,3,0.0,324.88,403.45,64.25,27.30,1,99.48,2.29,4
166,1,2,120.0,400.00,500.00,82.82,31.41,1,0.00,0.00,1
166,2,4,150.0,411.07,468.59,49.98,31.43,1,101.94,-12.52,2
166,5,1,30.0,311.72,456.05,72.49,31.43,1,0.76,-51.12,3
167,1,0,330.0,400.00,500.00,78.29,28.28,1,0.00,0.00,1
167,2,1,330.0,391.73,471.72,44.82,26.84,1,92.84,1.47,2
167,4,3,30.0,484.33,473.16,63.81,28.22,1,25.13,-37.96,3
168,1,0,30.0,400.00,500.00,73.39,26.69,1,0.00,0.00,1
168,4,2,240.0,390.00,473.31,41.04,26.70,1,105.64,-6.13,2
169,1,3,240.0,400.00,500.00,53.08,21.54,1,0.00,0.00,1
169,2,0,270.0,356.95,478.46,40.04,21.63,1,15.49,-50.62,2
169,3,2,90.0,342.51,427.75,52.46,21.55,1,52.64,-0.56,3
170,1,3,330.0,400.00,500.00,84.95,32.48,1,0.00,0.00,1
170,3,2,0.0,416.24,467.52,74.35,32.48,1,1.01,-52.01,2
171,1,1,60.0,400.00,500.00,68.71,24.36,1,0.00,0.00,1
171,2,2,60.0,370.11,475.64,43.80,24.36,1,65.82,-8.75,2
172,1,0,120.0,400.00,500.00,77.85,24.81,1,0.00,0.00,1
172,3,2,300.0,398.22,475.19,35.33,24.84,1,114.49,-7.32,2
172,5,1,0.0,509.63,467.84,58.37,24.84,1,7.17,-49.40,3
173,1,2,330.0,400.00,500.00,85.36,32.68,1,0.00,0.00,1
173,2,0,180.0,428.22,467.32,75.11,32.64,1,3.72,-47.12,2
173,3,3,210.0,424.54,420.24,61.13,32.68,1,79.11,42.00,3
173,5,1,330.0,345.76,462.19,114.56,32.63,2,24.81,-28.69,4
174,1,0,240.0,400.00,500.00,75.72,24.70,1,0.00,0.00,1
174,3,1,150.0,403.67,475.30,40.80,24.67,1,92.29,-0.44,2
174,4,3,330.0,496.37,474.88,45.66,24.67,1,115.53,-2.89,3
174,5,2,120.0,612.30,472.01,67.87,24.67,1,2.42,-54.97,4
175,1,4,330.0,400.00,500.00,93.93,36.96,1,0.00,0.00,1
175,2,0,120.0,421.41,463.04,81.72,36.96,1,2.54,-58.50,2
175,3,2,330.0,422.68,404.54,92.95,36.98,1,0.21,-54.81,3
176,1,4,210.0,400.00,500.00,91.83,35.92,1,0.00,0.00,1
176,2,1,240.0,415.97,464.08,33.82,25.06,1,120.64,10.86,2
176,3,2,60.0,536.66,474.94,55.15,25.06,1,66.80,-8.05,3
176,5,0,60.0,603.45,466.89,69.76,25.06,1,1.64,-50.15,4
177,1,0,60.0,400.00,500.00,86.66,28.39,1,0.00,0.00,1
177,2,3,30.0,400.11,471.61,33.76,27.26,1,150.00,-3.82,2
177,5,1,30.0,222.72,468.91,63.58,27.26,1,14.10,-40.60,3
178,1,3,60.0,400.00,500.00,66.52,28.26,1,0.00,0.00,1
178,3,4,300.0,362.11,471.74,44.75,28.27,1,94.53,-14.40,2
178,4,2,180.0,262.61,457.33,57.31,28.27,1,86.13,10.01,3
178,5,0,60.0,172.69,467.32,92.20,28.27,2,31.52,-40.19,4
179,1,1,150.0,400.00,500.00,72.23,26.11,1,0.00,0.00,1
179,2,0,270.0,415.09,473.89,76.42,27.28,1,16.85,-36.89,2
179,3,4,120.0,392.60,435.83,72.75,27.60,1,5.11,-57.16,3
180,1,2,180.0,400.00,500.00,86.31,31.56,1,0.00,0.00,1
180,3,4,210.0,406.82,468.44,85.44,31.56,1,3.09,-59.23,2
180,4,3,180.0,405.22,409.20,90.42,31.59,2,55.55,8.24,3
180,5,0,60.0,524.05,444.82,100.59,31.60,2,0.67,-62.41,4
181,1,3,270.0,400.00,500.00,125.81,47.91,1,0.00,0.00,1
181,3,2,300.0,400.01,452.09,78.61,31.30,2,53.36,16.65,2
181,4,0,0.0,353.92,468.70,71.59,31.04,1,2.32,-50.20,3
181,5,4,240.0,356.47,418.76,107.09,31.01,2,24.31,-50.36,4
182,1,2,120.0,400.00,500.00,82.82,31.41,1,0.00,0.00,1
182,2,3,30.0,411.07,468.59,57.57,31.44,1,59.18,-17.33,2
182,4,0,240.0,346.93,451.23,68.86,31.44,1,4.93,-65.16,3
183,1,2,270.0,400.00,500.00,92.56,31.28,1,0.00,0.00,1
183,2,0,180.0,400.01,468.72,37.19,25.72,1,115.74,5.56,2
183,4,1,30.0,284.19,474.28,54.05,25.73,1,85.77,-1.26,3
184,1,0,30.0,400.00,500.00,73.39,26.69,1,0.00,0.00,1
184,2,1,330.0,390.00,473.31,36.17,26.73,1,125.81,-10.70,2
184,3,2,0.0,516.81,462.57,21.41,26.72,3,59.66,-0.47,3
184,4,3,120.0,439.43,467.91,82.28,26.72,2,4.40,-51.37,4
185,1,4,150.0,400.00,500.00,97.62,35.60,1,0.00,0.00,1
185,2,2,300.0,396.42,464.40,76.52,31.85,2,82.11,3.73,2
186,1,0,180.0,400.00,500.00,71.14,23.87,1,0.00,0.00,1
186,3,1,0.0,393.40,476.13,41.80,25.80,1,97.85,-1.12,2
186,5,3,330.0,279.64,473.08,78.84,26.11,2,25.53,-41.39,3
187,1,2,330.0,400.00,500.00,85.36,32.68,1,0.00,0.00,1
187,3,1,120.0,428.22,467.32,63.40,32.63,1,53.93,-5.44,2
187,4,3,150.0,482.56,461.93,92.28,32.65,2,13.95,-51.12,3
188,1,4,330.0,400.00,500.00,93.93,36.96,1,0.00,0.00,1
188,2,0,330.0,421.41,463.04,80.58,36.96,1,5.38,-61.39,2
188,3,1,210.0,424.11,401.65,59.19,36.97,1,113.52,60.24,3
188,4,2,150.0,311.22,462.10,67.73,25.21,1,18.22,-45.21,4
189,1,4,30.0,400.00,500.00,95.37,37.68,1,0.00,0.00,1
189,2,0,0.0,381.16,462.32,82.70,37.69,1,5.35,-58.08,2
189,4,3,240.0,384.54,404.23,57.85,27.00,1,69.60,-11.10,3
189,5,1,0.0,516.47,461.91,75.31,27.00,1,8.45,-34.97,4
190,1,0,30.0,400.00,500.00,73.39,26.69,1,0.00,0.00,1
190,4,3,270.0,390.00,473.31,47.94,26.72,1,67.12,-10.37,2
191,1,0,60.0,400.00,500.00,86.66,28.39,1,0.00,0.00,1
191,2,4,90.0,400.11,471.61,83.26,28.42,1,2.09,-61.28,2
191,3,3,30.0,399.09,410.30,54.87,28.43,1,98.65,11.28,3
191,4,1,0.0,560.73,468.91,77.38,28.43,1,3.86,-43.53,4
191,5,2,210.0,557.31,425.37,56.82,28.45,2,47.84,-27.52,5
192,1,3,180.0,400.00,500.00,66.77,22.20,1,0.00,0.00,1
192,2,4,60.0,392.36,477.80,48.16,22.20,1,12.07,-69.15,2
192,4,0,0.0,386.26,408.64,72.81,22.15,1,13.24,-59.05,3
193,1,3,300.0,400.00,500.00,60.89,25.44,1,0.00,0.00,1
193,2,2,30.0,306.97,474.56,28.00,25.48,1,157.57,-7.28,2
193,3,0,150.0,151.07,467.24,61.27,25.48,1,2.72,-45.76,3
193,5,1,60.0,153.55,421.42,67.91,25.48,1,62.54,2.73,4
194,1,3,300.0,400.00,500.00,60.89,25.44,1,0.00,0.00,1
194,2,1,30.0,306.97,474.56,48.94,25.69,1,15.18,-47.02,2
194,4,0,60.0,291.74,427.30,46.19,25.71,1,81.48,44.62,3
195,1,1,300.0,400.00,500.00,59.13,24.57,1,0.00,0.00,1
195,2,2,120.0,435.06,475.43,43.53,24.57,1,69.45,-8.56,2
195,3,0,150.0,504.51,466.87,59.31,24.57,1,3.86,-45.26,3
195,4,4,300.0,508.27,421.60,29.37,24.59,1,208.76,40.28,4
196,1,3,240.0,400.00,500.00,53.08,21.54,1,0.00,0.00,1
196,2,4,60.0,356.95,478.46,36.58,21.60,1,11.99,-71.09,2
197,1,3,150.0,400.00,500.00,73.29,24.13,1,0.00,0.00,1
197,2,1,90.0,404.97,475.87,60.98,24.14,2,74.95,-11.50,2
197,4,2,330.0,332.79,464.36,57.59,24.14,1,0.54,-52.85,3
198,1,2,30.0,400.00,500.00,93.09,31.61,1,0.00,0.00,1
198,2,4,240.0,399.86,468.39,85.85,31.61,1,6.08,-58.72,2
198,3,1,90.0,404.41,409.68,72.94,31.61,2,145.20,6.18,3
198,5,3,270.0,329.04,464.51,80.47,24.59,2,31.16,-62.42,4
199,1,3,150.0,400.00,500.00,73.29,24.13,1,0.00,0.00,1
199,2,4,30.0,404.97,475.87,15.74,24.12,1,192.03,-20.53,2
199,5,1,210.0,215.07,455.34,68.38,24.13,2,96.26,3.12,3
200,1,3,0.0,400.00,500.00,89.16,30.14,1,0.00,0.00,1
200,3,1,180.0,398.88,469.86,68.43,30.12,1,14.41,-44.68,2
201,1,4,60.0,400.00,500.00,85.48,37.74,1,0.00,0.00,1
201,2,3,0.0,459.06,462.26,44.30,30.05,1,121.29,7.72,2
201,3,2,30.0,338.41,469.95,54.29,30.12,1,127.06,-2.72,3
202,1,2,180.0,400.00,500.00,86.31,31.56,1,0.00,0.00,1
202,2,4,180.0,406.82,468.44,49.71,31.58,1,104.80,-12.49,2
202,3,0,300.0,300.91,455.93,88.15,31.59,2,64.24,-10.95,3
202,4,1,90.0,362.43,444.96,48.36,24.59,1,132.56,21.52,4
203,1,2,120.0,400.00,500.00,82.82,31.41,1,0.00,0.00,1
203,2,0,300.0,411.07,468.59,53.82,31.02,1,90.65,0.43,2
203,4,4,0.0,321.15,468.98,71.43,31.07,1,1.37,-52.23,3
204,1,3,0.0,400.00,500.00,89.16,30.14,1,0.00,0.00,1
204,2,1,150.0,398.88,469.86,74.51,30.13,2,71.09,-7.68,2
204,4,4,120.0,468.59,462.19,82.70,30.14,2,32.52,-55.35,3
205,1,1,60.0,400.00,500.00,68.71,24.36,1,0.00,0.00,1
205,2,3,180.0,370.11,475.64,48.87,24.37,1,11.16,-38.16,2
205,3,0,60.0,359.06,437.47,36.35,24.36,1,125.90,35.97,3
206,1,0,60.0,400.00,500.00,86.66,28.39,1,0.00,0.00,1
206,2,4,120.0,400.11,471.61,69.12,26.24,2,53.04,-13.80,2
206,3,1,300.0,489.12,459.96,46.29,24.57,1,98.40,15.82,3
206,5,3,120.0,589.31,475.43,47.48,24.57,1,151.53,-6.78,4
207,1,4,60.0,400.00,500.00,85.48,37.74,1,0.00,0.00,1
207,2,3,0.0,459.06,462.26,44.30,30.05,1,121.29,7.72,2
207,5,2,150.0,338.41,469.95,83.30,30.12,2,80.00,-4.70,3
208,1,4,150.0,400.00,500.00,97.62,35.60,1,0.00,0.00,1
208,3,3,90.0,396.42,464.40,73.75,35.58,1,30.28,-56.75,2
208,4,2,180.0,376.11,407.67,91.17,33.72,2,80.45,-0.87,3
208,5,0,30.0,205.22,465.41,86.69,33.63,1,1.75,-51.15,4
209,1,4,300.0,400.00,500.00,86.05,38.02,1,0.00,0.00,1
209,2,3,300.0,446.96,461.98,30.02,25.44,1,141.68,12.61,2
209,4,1,90.0,317.15,474.56,56.09,25.62,1,15.00,-60.78,3
210,1,3,60.0,400.00,500.00,66.52,28.26,1,0.00,0.00,1
210,3,2,330.0,362.11,471.74,39.89,28.26,1,129.48,-3.65,2
210,4,0,330.0,487.76,468.10,93.89,28.26,2,59.71,3.47,3
210,5,4,0.0,428.59,471.52,101.33,27.12,2,8.77,-55.80,4
211,1,0,30.0,400.00,500.00,73.39,26.69,1,0.00,0.00,1
211,3,4,120.0,390.00,473.31,60.46,26.70,1,6.23,-58.45,2
211,5,2,330.0,386.79,414.85,47.22,26.71,1,120.69,10.27,3
212,1,4,270.0,400.00,500.00,93.69,36.84,1,0.00,0.00,1
212,2,3,330.0,381.13,463.16,30.90,28.00,1,166.63,8.85,2
212,3,1,180.0,220.86,472.00,64.51,28.20,1,10.66,-48.80,3
212,5,0,90.0,209.24,423.00,39.61,28.06,1,183.84,48.66,4
213,1,2,30.0,400.00,500.00,93.09,31.61,1,0.00,0.00,1
213,2,0,60.0,399.86,468.39,39.98,27.23,1,118.08,4.36,2
213,3,4,120.0,518.04,472.77,81.74,27.24,2,49.80,-13.90,3
213,5,3,300.0,570.56,458.86,80.54,27.29,2,116.45,-3.73,4
214,1,2,300.0,400.00,500.00,82.03,31.01,1,0.00,0.00,1
214,2,4,150.0,380.70,468.99,69.85,31.02,1,1.64,-59.30,2
214,3,3,330.0,378.86,409.69,73.49,28.00,2,87.56,24.99,3
215,1,4,60.0,400.00,500.00,85.48,37.74,1,0.00,0.00,1
215,2,1,210.0,459.06,462.26,39.48,25.19,1,91.96,12.57,2
215,3,0,270.0,366.52,474.81,57.11,25.19,1,63.56,-2.84,3
215,5,3,90.0,302.99,471.97,86.02,25.19,2,70.65,-1.22,4
216,1,1,330.0,400.00,500.00,68.68,24.34,1,0.00,0.00,1
216,2,2,90.0,418.05,475.66,59.13,24.38,1,10.07,-48.26,2
216,3,3,0.0,407.96,427.36,74.19,24.35,2,56.41,-16.19,3
216,4,4,150.0,298.90,450.66,27.98,24.35,1,242.41,11.21,4
217,1,2,120.0,400.00,500.00,82.82,31.41,1,0.00,0.00,1
217,2,1,270.0,411.07,468.59,70.87,27.25,2,64.07,4.14,2
217,3,4,150.0,353.11,472.75,62.92,27.16,1,6.88,-50.10,3
217,5,3,330.0,346.09,422.74,96.72,31.41,2,67.03,13.52,4
218,1,3,300.0,400.00,500.00,60.89,25.44,1,0.00,0.00,1
218,2,0,90.0,306.97,474.56,50.33,25.46,1,1.06,-51.85,2
218,3,4,90.0,308.63,422.70,32.11,25.45,1,159.64,34.26,3
219,1,2,210.0,400.00,500.00,85.63,31.11,1,0.00,0.00,1
219,2,4,330.0,393.40,468.89,84.13,31.13,1,1.94,-60.70,2
219,3,3,210.0,394.39,408.17,61.93,30.75,1,95.23,2.63,3
219,4,0,0.0,165.27,462.22,100.85,30.75,2,23.78,-29.48,4
219,5,1,150.0,203.34,428.34,106.61,30.75,1,1.43,-48.02,5
220,1,2,0.0,400.00,500.00,88.32,32.70,1,0.00,0.00,1
220,4,3,30.0,392.91,467.30,88.46,32.71,1,3.98,-54.70,2
220,5,4,330.0,394.77,412.59,83.06,31.08,2,84.15,-11.39,3
221,1,0,210.0,400.00,500.00,70.05,25.03,1,0.00,0.00,1
221,4,2,300.0,417.04,474.97,28.04,25.02,1,151.25,-8.73,2
221,5,4,180.0,265.11,466.25,50.39,25.05,1,78.70,-19.91,3
222,1,3,210.0,400.00,500.00,62.39,21.20,1,0.00,0.00,1
222,2,2,150.0,377.85,478.80,33.89,21.26,1,80.29,-12.85,2
222,3,0,180.0,299.28,465.89,52.50,21.26,1,1.59,-48.49,3
222,4,4,330.0,300.75,417.39,32.02,22.61,1,188.85,27.14,4
223,1,3,330.0,400.00,500.00,84.95,32.48,1,0.00,0.00,1
223,2,1,30.0,416.24,467.52,75.23,32.51,1,4.34,-44.59,2
223,3,2,180.0,411.67,422.90,37.41,31.56,1,183.48,45.10,3
223,4,4,150.0,596.87,468.44,92.95,31.58,2,84.82,-16.29,4
223,5,0,120.0,513.49,452.13,62.45,31.59,2,49.10,-29.61,5
224,1,2,330.0,400.00,500.00,85.36,32.68,1,0.00,0.00,1
224,2,3,30.0,428.22,467.32,43.38,31.09,1,142.40,1.56,2
224,3,0,30.0,284.66,468.91,49.76,28.72,1,135.99,2.41,3
225,1,1,180.0,400.00,500.00,79.15,25.93,1,0.00,0.00,1
225,3,2,0.0,402.71,474.07,61.54,27.29,1,21.04,-44.16,2
225,5,4,150.0,375.21,428.55,34.15,27.87,1,195.34,-12.67,3
226,1,3,270.0,400.00,500.00,125.81,47.91,1,0.00,0.00,1
226,2,0,150.0,400.01,452.09,119.93,47.91,1,4.34,-64.02,2
226,3,1,180.0,397.77,388.07,56.06,25.99,1,78.96,0.60,3
227,1,4,270.0,400.00,500.00,93.69,36.84,1,0.00,0.00,1
227,3,3,30.0,381.13,463.16,42.10,31.08,1,143.12,7.15,2
227,4,2,240.0,513.65,468.92,71.31,31.09,1,1.89,-52.41,3
227,5,0,270.0,516.28,416.51,111.85,31.14,2,48.21,3.90,4
228,1,3,300.0,400.00,500.00,60.89,25.44,1,0.00,0.00,1
228,2,0,30.0,306.97,474.56,31.59,25.44,1,143.14,-3.29,2
228,3,1,120.0,165.55,471.27,60.18,25.44,1,1.19,-52.25,3
228,4,4,120.0,164.52,419.02,57.66,25.44,1,77.87,38.19,4
229,1,3,30.0,400.00,500.00,77.15,28.57,1,0.00,0.00,1
229,2,1,90.0,383.64,471.43,29.72,24.59,1,143.30,3.97,2
229,4,0,60.0,526.03,475.41,60.09,24.59,1,0.37,-45.09,3
229,5,4,120.0,526.46,430.32,85.39,24.60,2,54.40,-14.66,4
230,1,1,90.0,400.00,500.00,63.17,26.59,1,0.00,0.00,1
230,4,4,150.0,448.41,473.41,52.63,26.60,1,2.44,-50.39,2
230,5,0,240.0,446.08,423.01,65.32,31.75,1,69.82,21.06,3
231,1,4,300.0,400.00,500.00,86.05,38.02,1,0.00,0.00,1
231,2,2,0.0,446.96,461.98,71.69,38.02,1,6.90,-64.88,2
231,3,1,0.0,450.43,397.09,85.60,38.05,1,4.80,-47.73,3
231,4,0,120.0,448.01,349.89,23.74,24.81,1,155.24,124.19,4
232,1,3,330.0,400.00,500.00,84.95,32.48,1,0.00,0.00,1
232,2,2,330.0,416.24,467.52,48.63,31.90,1,125.27,0.59,2
232,5,0,270.0,540.75,468.10,72.65,31.92,1,9.42,-46.56,3
233,1,3,240.0,400.00,500.00,53.08,21.54,1,0.00,0.00,1
233,2,4,240.0,356.95,478.46,51.62,21.54,2,79.06,-28.29,2
233,3,0,210.0,281.53,450.17,68.28,21.64,2,48.98,-26.03,3
234,1,0,150.0,400.00,500.00,74.38,23.79,1,0.00,0.00,1
234,2,1,240.0,403.20,476.21,71.72,23.80,1,3.14,-53.13,2
234,5,4,90.0,404.62,423.07,72.43,23.79,2,65.63,-10.10,3
235,1,2,270.0,400.00,500.00,92.56,31.28,1,0.00,0.00,1
235,2,3,270.0,400.01,468.72,88.29,31.29,1,0.03,-71.31,2
235,3,1,210.0,399.98,397.40,51.75,25.19,1,65.81,77.38,3
235,5,0,0.0,336.81,474.81,81.76,25.21,1,0.60,-42.65,4
236,1,2,150.0,400.00,500.00,88.37,30.92,1,0.00,0.00,1
236,2,0,330.0,396.53,469.08,35.74,26.89,1,136.13,4.05,2
236,3,1,300.0,262.57,473.11,75.69,26.90,2,82.10,-8.44,3
237,1,1,90.0,400.00,500.00,63.17,26.59,1,0.00,0.00,1
237,2,3,270.0,448.41,473.41,50.50,26.61,1,0.97,-62.60,2
237,3,2,240.0,449.00,410.79,15.92,27.40,1,239.43,54.94,3
237,4,4,240.0,233.02,468.92,88.63,27.40,2,62.41,-18.41,4
238,1,3,60.0,400.00,500.00,66.52,28.26,1,0.00,0.00,1
238,2,0,150.0,362.11,471.74,66.10,28.29,1,8.34,-44.05,2
238,3,4,30.0,370.27,427.66,40.22,28.27,1,150.74,30.83,3
239,1,1,30.0,400.00,500.00,68.44,24.22,1,0.00,0.00,1
239,2,3,150.0,388.80,475.78,66.72,24.23,1,9.63,-41.53,2
239,4,2,240.0,398.51,434.25,71.22,24.22,2,75.24,10.92,3
240,1,2,90.0,400.00,500.00,92.87,31.73,1,0.00,0.00,1
240,2,3,240.0,399.42,468.27,81.87,32.11,2,43.50,-18.21,2
240,3,0,60.0,355.78,449.68,69.68,32.22,1,4.98,-68.80,3
241,1,0,240.0,400.00,500.00,75.72,24.70,1,0.00,0.00,1
241,2,3,210.0,403.67,475.30,36.81,24.65,1,99.32,-13.13,2
241,3,2,90.0,301.40,462.22,74.36,24.65,2,51.08,-23.67,3
241,4,1,210.0,361.18,435.07,84.96,24.65,2,50.57,-21.09,4
242,1,1,150.0,400.00,500.00,72.23,26.11,1,0.00,0.00,1
242,3,2,330.0,415.09,473.89,37.12,26.07,1,119.30,-5.83,2
242,4,4,30.0,534.93,468.10,37.04,26.07,1,164.03,-11.52,3
242,5,3,30.0,693.90,456.56,-21564.75,-9719.94,0,811.37,9762.99,4
243,1,1,60.0,400.00,500.00,68.71,24.36,1,0.00,0.00,1
243,2,2,0.0,370.11,475.64,45.88,24.38,1,16.72,-47.62,2
243,3,4,240.0,353.48,428.01,55.74,24.43,1,7.19,-58.43,3
244,1,3,120.0,400.00,500.00,73.33,26.67,1,0.00,0.00,1
244,2,2,330.0,423.48,473.33,61.23,26.66,1,5.23,-55.24,2
244,3,1,330.0,418.89,418.10,72.13,26.68,1,9.92,-46.19,3
244,4,4,240.0,421.94,373.92,82.03,26.70,1,4.28,-52.60,4
245,1,4,90.0,400.00,500.00,82.48,36.24,1,0.00,0.00,1
245,3,3,330.0,434.05,463.76,63.46,36.21,1,85.20,-9.65,2
245,5,1,240.0,350.03,454.13,101.01,36.21,2,49.28,7.83,3
246,1,4,180.0,400.00,500.00,96.13,35.63,1,0.00,0.00,1
246,3,1,270.0,394.87,464.37,28.29,24.84,1,146.20,10.77,2
246,4,3,30.0,254.57,475.16,40.52,24.83,1,139.43,-6.26,3
246,5,0,0.0,114.90,468.91,69.62,24.83,1,4.36,-45.80,4
247,1,2,120.0,400.00,500.00,82.82,31.41,1,0.00,0.00,1
247,3,3,90.0,411.07,468.59,52.44,29.26,1,78.15,2.19,2
247,4,1,90.0,340.46,470.74,91.92,29.29,2,43.07,-40.24,3
248,1,3,120.0,400.00,500.00,73.33,26.67,1,0.00,0.00,1
248,2,2,30.0,423.48,473.33,30.73,26.74,1,157.66,-6.05,2
248,4,0,330.0,266.11,467.21,61.79,26.74,1,8.41,-50.02,3
249,1,3,330.0,400.00,500.00,84.95,32.48,1,0.00,0.00,1
249,2,4,300.0,416.24,467.52,56.58,32.52,1,82.13,-10.16,2
249,3,2,210.0,330.15,457.32,69.77,32.52,1,7.19,-69.14,3
249,4,1,210.0,333.80,388.19,83.72,32.52,1,7.24,-49.35,4
250,1,1,330.0,400.00,500.00,68.68,24.34,1,0.00,0.00,1
250,2,4,120.0,418.05,475.66,62.60,24.34,2,61.60,-18.83,2
250,3,0,120.0,480.89,456.82,33.67,24.17,1,157.10,16.24,3
250,4,3,0.0,322.75,475.83,51.56,24.38,1,130.75,-5.20,4
251,1,4,150.0,400.00,500.00,97.62,35.60,1,0.00,0.00,1
251,2,0,30.0,396.42,464.40,31.00,26.32,1,148.92,9.27,2
251,3,1,300.0,247.70,473.68,59.66,26.33,1,8.09,-56.90,3
251,5,2,180.0,240.32,416.78,71.12,26.34,1,0.16,-57.60,4
252,1,0,330.0,400.00,500.00,78.29,28.28,1,0.00,0.00,1
252,2,2,300.0,391.73,471.72,41.49,26.00,1,94.95,-7.59,2
252,4,4,330.0,269.85,466.41,74.12,26.04,2,50.92,-38.84,3
252,5,3,210.0,320.12,427.60,69.20,26.06,1,9.66,-54.97,4
253,1,2,180.0,400.00,500.00,86.31,31.56,1,0.00,0.00,1
253,3,0,300.0,406.82,468.44,86.23,31.56,1,0.57,-51.54,2
253,5,1,270.0,406.48,416.90,105.13,31.58,1,1.62,-55.53,3
254,1,0,150.0,400.00,500.00,74.38,23.79,1,0.00,0.00,1
254,2,1,330.0,403.20,476.21,39.34,23.78,1,87.90,-3.20,2
254,3,3,270.0,491.65,473.02,54.84,23.78,1,1.28,-62.36,3
254,4,4,0.0,492.36,410.81,19.82,23.78,1,288.48,0.25,4
255,1,2,180.0,400.00,500.00,86.31,31.56,1,0.00,0.00,1
255,2,4,330.0,406.82,468.44,82.85,31.58,1,1.64,-60.26,2
255,3,0,330.0,407.92,408.17,93.29,31.61,1,1.98,-61.00,3
256,1,1,210.0,400.00,500.00,75.79,25.95,1,0.00,0.00,1
256,2,0,120.0,393.89,474.05,77.57,25.95,1,0.08,-40.14,2
256,4,3,120.0,393.72,433.91,63.03,26.64,1,46.85,4.41,3
257,1,3,90.0,400.00,500.00,68.14,29.07,1,0.00,0.00,1
257,2,1,330.0,446.60,470.93,57.35,29.24,1,8.55,-47.08,2
258,1,2,330.0,400.00,500.00,85.36,32.68,1,0.00,0.00,1
258,2,4,330.0,428.22,467.32,38.40,32.64,1,175.94,-8.46,2
258,4,3,120.0,600.75,458.90,68.34,32.64,1,81.50,-3.21,3
259,1,4,240.0,400.00,500.00,101.68,35.87,1,0.00,0.00,1
259,3,1,210.0,400.05,464.13,34.16,25.19,1,120.40,10.75,2
260,1,1,330.0,400.00,500.00,68.68,24.34,1,0.00,0.00,1
260,2,0,330.0,418.05,475.66,45.35,24.34,1,63.96,-2.74,2
260,4,4,150.0,354.20,472.91,44.09,24.34,1,106.88,-16.11,3
261,1,4,300.0,400.00,500.00,86.05,38.02,1,0.00,0.00,1
261,2,1,30.0,446.96,461.98,73.79,38.03,1,4.61,-56.70,2
261,4,2,30.0,449.28,405.27,85.63,38.03,1,3.35,-48.82,3
262,1,3,210.0,400.00,500.00,62.39,21.20,1,0.00,0.00,1
262,2,2,150.0,377.85,478.80,33.89,21.26,1,80.29,-12.85,2
263,1,3,150.0,400.00,500.00,73.29,24.13,1,0.00,0.00,1
263,2,4,270.0,404.97,475.87,58.18,24.21,2,77.71,-23.49,2
263,3,0,90.0,330.47,452.30,54.41,24.13,1,5.92,-63.34,3
264,1,3,180.0,400.00,500.00,66.77,22.20,1,0.00,0.00,1
264,2,4,150.0,392.36,477.80,28.81,22.12,1,105.37,-21.82,2
264,5,2,210.0,290.05,456.05,52.13,22.12,1,3.40,-57.21,3
265,1,4,180.0,400.00,500.00,96.13,35.63,1,0.00,0.00,1
265,2,3,300.0,394.87,464.37,93.53,35.64,1,0.70,-71.32,2
265,3,1,270.0,403.34,393.04,70.31,24.84,2,41.50,55.34,3
265,4,0,180.0,285.99,475.16,55.21,24.89,1,121.97,-0.84,4
266,1,4,270.0,400.00,500.00,93.69,36.84,1,0.00,0.00,1
266,2,1,240.0,381.13,463.16,34.58,25.06,1,115.89,11.79,2
266,3,3,210.0,495.53,474.94,58.97,25.11,1,23.40,-32.85,3
267,1,1,60.0,400.00,500.00,68.71,24.36,1,0.00,0.00,1
267,2,3,330.0,370.11,475.64,34.27,24.37,1,118.73,-3.62,2
267,3,4,60.0,489.33,472.01,53.74,24.37,1,8.79,-66.23,3
268,1,4,150.0,400.00,500.00,97.62,35.60,1,0.00,0.00,1
268,2,2,30.0,396.42,464.40,43.30,31.79,1,144.60,6.78,2
268,3,1,270.0,594.44,468.21,71.49,31.79,1,0.43,-59.99,3
268,4,0,90.0,594.61,408.23,102.69,31.78,2,36.51,-17.87,4
269,1,3,90.0,400.00,500.00,68.14,29.07,1,0.00,0.00,1
269,2,4,270.0,446.60,470.93,68.91,29.13,2,78.09,-18.62,2
269,3,2,210.0,369.83,452.25,88.71,29.08,2,53.81,-43.40,3
270,1,4,270.0,400.00,500.00,93.69,36.84,1,0.00,0.00,1
270,2,2,60.0,381.13,463.16,51.12,33.12,1,121.88,3.78,2
270,4,1,0.0,503.43,466.88,76.81,33.13,1,1.23,-46.00,3
271,1,3,240.0,400.00,500.00,53.08,21.54,1,0.00,0.00,1
271,2,0,300.0,356.95,478.46,40.41,21.60,1,7.26,-56.64,2
271,3,1,0.0,350.23,421.76,54.40,21.60,1,1.49,-42.47,3
272,1,2,180.0,400.00,500.00,86.31,31.56,1,0.00,0.00,1
272,2,3,150.0,406.82,468.44,85.16,31.57,1,1.19,-47.68,2
272,5,1,330.0,408.21,420.75,104.94,31.58,1,1.75,-52.54,3
273,1,2,150.0,400.00,500.00,88.37,30.92,1,0.00,0.00,1
273,2,0,30.0,396.53,469.08,38.13,26.34,1,118.12,4.59,2
273,4,3,240.0,281.07,473.66,77.09,26.92,2,52.56,-31.14,3
273,5,4,180.0,344.97,441.94,89.48,26.51,2,34.71,-33.02,4
274,1,2,270.0,400.00,500.00,92.56,31.28,1,0.00,0.00,1
274,2,4,270.0,400.01,468.72,77.12,31.32,2,62.47,-15.14,2
274,4,0,90.0,335.95,453.54,34.95,28.06,1,192.05,13.82,3
274,5,3,300.0,145.37,471.94,91.10,28.06,2,65.80,-9.30,4
275,1,2,300.0,400.00,500.00,82.03,31.01,1,0.00,0.00,1
275,2,1,0.0,380.70,468.99,71.92,31.01,1,2.67,-47.83,2
275,4,3,150.0,383.28,421.16,82.99,31.03,1,4.07,-41.24,3
276,1,0,90.0,400.00,500.00,69.79,24.89,1,0.00,0.00,1
276,2,3,180.0,425.27,475.11,78.86,25.05,2,35.66,-20.54,2
276,5,1,90.0,372.93,454.41,38.71,24.59,1,133.47,18.82,3
277,1,3,30.0,400.00,500.00,77.15,28.57,1,0.00,0.00,1
277,2,4,150.0,383.64,471.43,36.04,28.57,1,140.08,-15.40,2
277,4,2,90.0,522.66,456.03,65.04,28.57,1,2.42,-58.06,3
277,5,1,150.0,523.87,397.97,83.85,25.07,2,58.89,22.59,4
278,1,4,330.0,400.00,500.00,93.93,36.96,1,0.00,0.00,1
278,2,2,240.0,421.41,463.04,44.11,31.78,1,142.04,5.19,2
278,5,0,330.0,275.63,468.22,46.14,26.89,1,133.25,4.91,3
279,1,1,300.0,400.00,500.00,59.13,24.57,1,0.00,0.00,1
279,2,0,270.0,435.06,475.43,55.83,24.57,1,63.15,-3.42,2
280,1,3,120.0,400.00,500.00,73.33,26.67,1,0.00,0.00,1
280,2,4,180.0,423.48,473.33,34.39,26.73,1,127.99,-17.34,2
281,1,3,0.0,400.00,500.00,89.16,30.14,1,0.00,0.00,1
281,2,0,90.0,398.88,469.86,49.45,27.87,1,79.17,2.25,2
281,3,4,120.0,477.03,472.13,81.89,27.91,2,55.10,-14.50,3
281,5,1,60.0,534.27,457.59,55.95,27.27,1,129.75,13.17,4
282,1,1,330.0,400.00,500.00,68.68,24.34,1,0.00,0.00,1
282,2,3,270.0,418.05,475.66,55.56,24.38,1,1.19,-64.80,2
282,3,2,300.0,417.32,410.82,41.96,24.35,1,130.16,-3.50,3
282,4,0,210.0,212.08,468.95,67.91,24.35,1,1.26,-52.66,4
283,1,2,0.0,400.00,500.00,88.32,32.70,1,0.00,0.00,1
283,3,1,150.0,392.91,467.30,44.06,25.10,1,73.10,7.61,2
283,5,3,270.0,321.29,474.90,57.23,25.13,1,1.06,-64.09,3
284,1,3,300.0,400.00,500.00,60.89,25.44,1,0.00,0.00,1
284,4,0,210.0,306.97,474.56,30.77,25.01,1,145.87,0.42,2
285,1,4,120.0,400.00,500.00,90.81,35.40,1,0.00,0.00,1
285,2,2,210.0,413.13,464.60,73.61,35.39,1,9.70,-76.16,2
285,3,3,180.0,418.03,388.44,61.00,32.35,1,111.43,-57.10,3
285,4,1,30.0,386.99,410.55,95.30,32.35,1,25.47,-65.87,4
286,1,1,90.0,400.00,500.00,63.17,26.59,1,0.00,0.00,1
286,2,4,210.0,448.41,473.41,40.27,26.62,1,98.24,-16.63,2
286,3,3,240.0,547.10,456.75,79.52,26.72,2,30.46,-39.15,3
286,4,0,150.0,511.47,417.61,34.13,26.59,1,196.50,48.70,4
287,1,2,60.0,400.00,500.00,84.42,32.21,1,0.00,0.00,1
287,2,1,150.0,413.31,467.79,39.69,25.07,1,95.11,7.19,2
287,3,3,180.0,508.41,474.93,60.40,25.09,1,11.60,-37.31,3
288,1,0,180.0,400.00,500.00,71.14,23.87,1,0.00,0.00,1
288,2,2,240.0,393.40,476.13,29.48,23.89,1,130.84,-10.72,2
288,4,3,240.0,264.88,465.39,53.99,23.89,1,9.21,-59.77,3
288,5,4,30.0,269.71,405.62,49.11,23.90,1,126.22,17.29,4
289,1,0,180.0,400.00,500.00,71.14,23.87,1,0.00,0.00,1
289,2,2,150.0,393.40,476.13,65.40,24.12,2,53.91,-10.28,2
289,3,4,330.0,339.67,465.60,55.54,23.88,1,0.27,-60.81,3
289,4,3,330.0,340.85,404.05,64.39,23.92,1,2.04,-65.23,4
290,1,4,240.0,400.00,500.00,101.68,35.87,1,0.00,0.00,1
290,2,2,0.0,400.05,464.13,53.16,31.28,1,91.39,5.61,2
290,4,1,30.0,305.14,468.72,71.94,31.28,1,5.40,-47.70,3
291,1,0,120.0,400.00,500.00,77.85,24.81,1,0.00,0.00,1
291,2,2,90.0,398.22,475.19,40.10,24.82,1,89.63,-8.03,2
291,3,4,180.0,308.44,467.16,57.81,24.82,1,1.68,-57.43,3
291,4,3,210.0,306.49,409.73,55.51,24.82,1,111.05,9.56,4
291,5,1,180.0,136.69,462.22,94.64,24.82,1,14.66,-35.28,5
292,1,4,300.0,400.00,500.00,86.05,38.02,1,0.00,0.00,1
292,2,0,300.0,446.96,461.98,30.16,25.22,1,138.53,12.82,2
292,4,2,210.0,582.02,474.78,59.94,25.23,1,0.14,-52.44,3
293,1,1,0.0,400.00,500.00,76.48,24.21,1,0.00,0.00,1
293,2,3,120.0,401.95,475.79,26.79,24.22,1,151.07,-7.12,2
293,4,0,90.0,554.28,468.67,52.01,24.22,1,78.64,3.45,3
294,1,2,270.0,400.00,500.00,92.56,31.28,1,0.00,0.00,1
294,2,1,180.0,400.01,468.72,88.99,31.30,1,3.15,-49.28,2
294,3,0,60.0,403.12,419.42,85.10,27.94,2,42.78,11.13,3
294,5,4,120.0,502.78,472.06,92.65,27.96,2,53.85,-12.53,4
295,1,2,210.0,400.00,500.00,85.63,31.11,1,0.00,0.00,1
295,2,3,180.0,393.40,468.89,71.68,31.17,1,8.80,-44.52,2
295,3,1,0.0,384.66,424.30,48.20,27.30,1,115.89,16.11,3
295,4,0,120.0,207.07,472.70,75.92,26.96,1,0.89,-39.12,4
296,1,3,90.0,400.00,500.00,68.14,29.07,1,0.00,0.00,1
296,2,0,330.0,446.60,470.93,45.39,29.13,1,113.25,-1.07,2
296,5,2,0.0,333.95,469.80,53.25,26.92,1,97.34,-5.55,3
297,1,0,300.0,400.00,500.00,84.27,28.24,1,0.00,0.00,1
297,2,4,300.0,402.21,471.76,42.67,28.22,1,104.39,-14.46,2
297,5,1,180.0,300.93,457.32,47.51,25.20,1,96.97,17.50,3
298,1,2,210.0,400.00,500.00,85.63,31.11,1,0.00,0.00,1
298,2,4,270.0,393.40,468.89,76.10,31.13,2,63.59,-17.27,2
298,3,3,330.0,327.38,451.60,41.00,27.99,1,161.05,13.88,3
298,4,1,330.0,169.70,472.01,74.64,28.01,1,7.35,-49.58,4
299,1,4,0.0,400.00,500.00,103.67,36.84,1,0.00,0.00,1
299,2,3,300.0,400.01,463.16,83.67,36.86,2,89.79,-10.46,2
299,3,2,90.0,479.84,452.69,67.60,32.84,1,79.69,10.71,3
299,5,1,120.0,558.96,467.16,84.39,32.84,1,0.22,-56.27,4
300,1,2,90.0,400.00,500.00,92.87,31.73,1,0.00,0.00,1
300,2,1,150.0,399.42,468.27,39.93,25.07,1,94.40,6.70,2
300,3,3,60.0,493.73,474.93,76.85,25.08,2,23.34,-43.20,3
